"","Treatment","sd","mean","median","IQR","n","se","ci"
"1","CHG",0.000246293856683003,2.38304152468863e-06,-1.09061138066111e-05,0.000302633539996871,16,6.15734641707507e-05,0.000120683989774671
"2","CUR",0.000188443485038012,-6.42466078983511e-05,-8.3010040907197e-05,0.00027519950499683,19,4.32319004131218e-05,8.47345248097188e-05
"3","n/a",0.00018807048468128,-0.000103814590329169,-8.02101575655657e-05,0.000312702350218326,9,6.26901615604267e-05,0.000122872716658436
"4","TMP",0.00020083972838533,-8.33134704501175e-05,-9.24647660402495e-05,0.000224986722592854,16,5.02099320963325e-05,9.84114669088118e-05
