"","Treatment","sd","mean","median","IQR","n","se","ci"
"1","CHG",7.10936395124393e-05,-0.000135114925246823,-0.000129927732843574,0.000120633351990731,16,1.77734098781098e-05,3.48358833610953e-05
"2","CUR",0.000111248208657523,-0.000172186222589159,-0.000164981565408609,0.000153477309995349,19,2.5522089430951e-05,5.00232952846639e-05
"3","n/a",6.13709690898055e-05,-4.56635631425724e-05,-3.08097503113856e-05,7.3314468036338e-05,9,2.04569896966018e-05,4.00956998053396e-05
"4","TMP",0.000113051281090902,-0.000162542788466488,-0.000143358660531963,0.000157983410887956,16,2.82628202727256e-05,5.53951277345421e-05
