"","Treatment","sd","mean","median","IQR","n","se","ci"
"1","CHG",6.13421805342659e-05,5.3575891002874e-05,4.21021427548779e-05,6.86819810867739e-05,16,1.53355451335665e-05,3.00576684617903e-05
"2","CUR",7.68241514742544e-05,3.29112130950663e-05,1.96961475686231e-05,0.000107293967935165,19,1.76246690894493e-05,3.45443514153205e-05
"3","n/a",5.84360760367362e-05,-9.60635332274774e-05,-0.00011157899795659,2.22984946613296e-05,9,1.94786920122454e-05,3.8178236344001e-05
"4","TMP",7.90197096147458e-05,1.94200957747288e-05,2.22623157932897e-05,0.000121996510186186,16,1.97549274036865e-05,3.87196577112255e-05
