"","Avg All Points Corrected Slopes","Med All Points Corrected Slopes","All Points Corrected Slopes SD","Avg 80% DO Corrected Slopes","Med 80% DO Corrected Slopes","80% DO Corrected Slopes SD","Avg 70% DO Corrected Slopes","Med 70% DO Corrected Slopes","70% DO Corrected Slopes SD","Avg 1hr Corrected Slopes","Med 1hr Corrected Slopes","1hr Corrected Slopes SD"
"AMB",-0.000135114925246823,-0.000129927732843574,7.10936395124393e-05,NA,NA,NA,NA,NA,NA,NA,NA,NA
"CHG",-0.000172186222589159,-0.000164981565408609,0.000111248208657523,9.64254884461506e-06,2.38320178877984e-05,6.77587789596443e-05,5.3575891002874e-05,4.21021427548779e-05,6.13421805342659e-05,2.38304152468863e-06,-1.09061138066111e-05,0.000246293856683003
"CUR",-4.56635631425724e-05,-3.08097503113856e-05,6.13709690898055e-05,-1.6786669493987e-05,-1.14708867586603e-05,5.47315326338948e-05,3.29112130950663e-05,1.96961475686231e-05,7.68241514742544e-05,-6.42466078983511e-05,-8.3010040907197e-05,0.000188443485038012
"n/a",-0.000162542788466488,-0.000143358660531963,0.000113051281090902,-8.94689865940061e-05,-0.00011157899795659,7.62390388785861e-05,-9.60635332274774e-05,-0.00011157899795659,5.84360760367362e-05,-0.000103814590329169,-8.02101575655657e-05,0.00018807048468128
"TMP",-0.000135114925246823,-0.000129927732843574,7.10936395124393e-05,1.7921938327152e-05,1.00213712017595e-05,5.82365994217703e-05,1.94200957747288e-05,2.22623157932897e-05,7.90197096147458e-05,-8.33134704501175e-05,-9.24647660402495e-05,0.00020083972838533
