"","Avg All Points Corrected Slopes","Med All Points Corrected Slopes","All Points Corrected Slopes SD","Avg 80% DO Corrected Slopes","Med 80% DO Corrected Slopes","80% DO Corrected Slopes SD","Avg 70% DO Corrected Slopes","Med 70% DO Corrected Slopes","70% DO Corrected Slopes SD","Avg 1hr Corrected Slopes","Med 1hr Corrected Slopes","1hr Corrected Slopes SD"
"AMB",-0.000135114925246823,-0.000129927732843574,7.10936395124393e-05,NA,NA,NA,NA,NA,NA,NA,NA,NA
"CHG",-0.000172186222589159,-0.000164981565408609,0.000111248208657523,9.64254884461506e-06,2.38320178877984e-05,6.77587789596443e-05,-8.29410284177894e-06,-6.9311882354382e-07,5.28872006398217e-05,-2.96034644843805e-05,-3.39401221362004e-05,9.30559620399322e-05
"CUR",-0.000162542788466488,-0.000143358660531963,0.000113051281090902,-1.6786669493987e-05,-1.14708867586603e-05,5.47315326338948e-05,-5.11847023341231e-06,-4.28442587355264e-07,3.83131600292662e-05,3.9659905125261e-05,1.70163075237153e-05,0.000188304283856809
"n/a",-0.000135114925246823,-0.000129927732843574,7.10936395124393e-05,-8.94689865940061e-05,-0.00011157899795659,7.62390388785861e-05,-0.000103330134712561,-0.00011157899795659,4.09795942418313e-05,-0.000119390230664275,-0.000135377579871586,0.000162856620007285
"TMP",-0.000172186222589159,-0.000164981565408609,0.000111248208657523,1.7921938327152e-05,1.00213712017595e-05,5.82365994217703e-05,3.89842197017382e-06,6.79516182210665e-06,4.68991642366315e-05,-4.16755246701125e-05,-6.0842793797066e-05,8.0640659265789e-05
