"","Treatment","sd","mean","median","IQR","n","se","ci"
"1","CHG",9.30559620399322e-05,-2.96034644843805e-05,-3.39401221362004e-05,8.17909722606917e-05,16,2.3263990509983e-05,4.55974213995668e-05
"2","CUR",0.000188304283856809,3.9659905125261e-05,1.70163075237153e-05,8.57333587773702e-05,19,4.31999654719805e-05,8.46719323250818e-05
"3","n/a",0.000162856620007285,-0.000119390230664275,-0.000135377579871586,0.000131728258052164,9,5.42855400024284e-05,0.00010639965840476
"4","TMP",8.0640659265789e-05,-4.16755246701125e-05,-6.0842793797066e-05,9.49261206863226e-05,16,2.01601648164473e-05,3.95139230402366e-05
