"","Treatment","sd","mean","median","IQR","n","se","ci"
"1","CHG",0.00315007570848165,-0.00123737860820463,-0.00117421122578547,0.00427466368735332,16,0.000787518927120414,0.00154353709715601
"2","CUR",0.00324117738960385,-0.000447645536703959,0.000434081635166002,0.00514649348129924,19,0.000743577089440638,0.00145741109530365
"3","TMP",0.00279789791323994,-0.000203852804007514,-0.000257196711601701,0.00231392311003455,16,0.000699474478309986,0.00137096997748757
