"","Treatment","sd","mean","median","IQR","n","se","ci"
"1","CHG",5.28872006398217e-05,-8.29410284177894e-06,-6.9311882354382e-07,4.83495141255119e-05,16,1.32218001599554e-05,2.59147283135126e-05
"2","CUR",3.83131600292662e-05,-5.11847023341231e-06,-4.28442587355264e-07,4.03147870300195e-05,19,8.78964172501437e-06,1.72276977810282e-05
"3","n/a",4.09795942418313e-05,-0.000103330134712561,-0.00011157899795659,2.22984946613296e-05,9,1.36598647472771e-05,2.67733349046631e-05
"4","TMP",4.68991642366315e-05,3.89842197017382e-06,6.79516182210665e-06,6.41404910004342e-05,16,1.17247910591579e-05,2.29805904759495e-05
