"","Treatment","sd","mean","median","IQR","n","se","ci"
"1","CHG",0.00558335772239593,-0.00177620786906283,-0.00203640732817202,0.0049074583356415,16,0.00139583943059898,0.002735845283974
"2","CUR",0.0112982570314086,0.00237959430751565,0.00102097845142292,0.00514400152664221,19,0.00259199792831883,0.00508031593950491
"3","TMP",0.00483843955594734,-0.00250053148020675,-0.00365056762782396,0.00569556724117936,16,0.00120960988898684,0.0023708353824142
